<?xml version="1.0" encoding="UTF-8"?>
<project-private xmlns="http://www.netbeans.org/ns/project-private/1">
    <editor-bookmarks xmlns="http://www.netbeans.org/ns/editor-bookmarks/2" lastBookmarkId="0"/>
    <open-files xmlns="http://www.netbeans.org/ns/projectui-open-files/2">
        <group>
            <file>file:/C:/Users/Prerak/Desktop/Project/RentalHouse/web/AddHouse2.jsp</file>
            <file>file:/C:/Users/Prerak/Desktop/Project/RentalHouse/web/Help.jsp</file>
            <file>file:/C:/Users/Prerak/Desktop/Project/RentalHouse/web/ClientLogin.jsp</file>
            <file>file:/C:/Users/Prerak/Desktop/Project/RentalHouse/web/Home.jsp</file>
            <file>file:/C:/Users/Prerak/Desktop/Project/RentalHouse/web/RemoveHouse.jsp</file>
            <file>file:/C:/Users/Prerak/Desktop/Project/RentalHouse/web/WEB-INF/web.xml</file>
            <file>file:/C:/Users/Prerak/Desktop/Project/RentalHouse/web/RemoveHouse1.jsp</file>
            <file>file:/C:/Users/Prerak/Desktop/Project/RentalHouse/web/Aboutus.jsp</file>
            <file>file:/C:/Users/Prerak/Desktop/Project/RentalHouse/web/OwnerLogin.jsp</file>
            <file>file:/C:/Users/Prerak/Desktop/Project/RentalHouse/web/OwnerRegis.jsp</file>
            <file>file:/C:/Users/Prerak/Desktop/Project/RentalHouse/web/AddHouse.jsp</file>
            <file>file:/C:/Users/Prerak/Desktop/Project/RentalHouse/web/SeeHouse.jsp</file>
            <file>file:/C:/Users/Prerak/Desktop/Project/RentalHouse/web/OwnerSignUp.jsp</file>
            <file>file:/C:/Users/Prerak/Desktop/Project/RentalHouse/web/ClientLogin2.jsp</file>
            <file>file:/C:/Users/Prerak/Desktop/Project/RentalHouse/web/ClientSignUp2.jsp</file>
            <file>file:/C:/Users/Prerak/Desktop/Project/RentalHouse/web/SignUp.jsp</file>
            <file>file:/C:/Users/Prerak/Desktop/Project/RentalHouse/web/ClientSignUp.jsp</file>
            <file>file:/C:/Users/Prerak/Desktop/Project/RentalHouse/web/OwnerLogin2.jsp</file>
            <file>file:/C:/Users/Prerak/Desktop/Project/RentalHouse/web/LocationBase.jsp</file>
            <file>file:/C:/Users/Prerak/Desktop/Project/RentalHouse/web/abc.css</file>
            <file>file:/C:/Users/Prerak/Desktop/Project/RentalHouse/web/Middle1.jsp</file>
        </group>
    </open-files>
</project-private>
